"UniqueID","saline_pixel_count","saline_area_m2"
"TN_2_40115000",348.722076416016,313849.868774414
"TN_2_00057400",1,900
"TN_2_40114000",111.919929504395,100727.936553955
"TN_2_00057500",11,9900
"TN_2_00058000",39.2510604858398,35325.9544372559
"TN_2_00057800",51.7922325134277,46613.009262085
"TN_2_00058200",45.8878936767578,41299.104309082
"TN_2_00058100",34.5836524963379,31125.2872467041
"TN_2_00057700",94.8283233642578,85345.491027832
"TN_2_00057900",65.3341979980469,58800.7781982422
"TN_2_00058500",108.763076782227,97886.7691040039
"TN_2_00058700",92.2501449584961,83025.1304626465
"TN_2_00058600",85.3438568115234,76809.4711303711
"TN_2_00057600",6.5983624458313,5938.52620124817
"TN_2_40116000",243.962875366211,219566.58782959
"TN_2_00058300",0,0
"TN_2_00059800",30.8210258483887,27738.9232635498
"TN_2_00059400",0,0
"TN_2_00059700",192.07438659668,172866.947937012
"TN_2_00058400",0,0
"TN_2_00059900",27.9936962127686,25194.3265914917
"TN_2_00059500",0,0
"TN_2_00058900",14.4953012466431,13045.7711219788
"TN_2_00058800",43.7556953430176,39380.1258087158
"TN_2_00059100",37.2845115661621,33556.0604095459
"TN_2_00059000",19.750509262085,17775.4583358765
"TN_2_00059600",6.35804462432861,5722.24016189575
"TN_2_40118000",317.876861572266,286089.175415039
"TN_2_00059200",538.710998535156,484839.898681641
"TN_2_00060100",149.465713500977,134519.142150879
"TN_2_00059300",145.532562255859,130979.306030273
"TN_2_00060100",4.15338611602783,3738.04750442505
"TN_2_00060200",48.4276542663574,43584.8888397217
"TN_2_40130000",495.426635742188,445883.972167969
"TN_2_40117000",234.993911743164,211494.520568848
"TN_2_00060300",0,0
"TN_2_00060000",11,9900
"TN_2_00060400",9,8100
"TN_2_00060500",1744.54223632812,1570088.01269531
"TN_2_00064900",83.4138031005859,75072.4227905273
"TN_2_00061000",11.6381006240845,10474.290561676
"TN_2_00065900",30,27000
"TN_2_00060900",191.029235839844,171926.312255859
"TN_2_00060700",56.7099723815918,51038.9751434326
"TN_2_00060600",1121.20495605469,1009084.46044922
"TN_2_00060800",5.72390031814575,5151.51028633118
"TN_2_00065600",354.051910400391,318646.719360352
"TN_2_40421000",0,0
"TN_2_40131000",522.923889160156,470631.500244141
"TN_2_40301000",214.915740966797,193424.166870117
"TN_2_00065700",42.593994140625,38334.5947265625
"TN_2_00065800",132.101501464844,118891.351318359
"TN_2_00066000",12.1294059753418,10916.4653778076
"TN_2_40132000",397.950378417969,358155.340576172
"TN_2_00065000",57.3075065612793,51576.7559051514
"TN_2_00065500",3068.48510742188,2761636.59667969
"TN_2_00207900",1,900
"TN_2_00065300",117.133949279785,105420.554351807
"TN_2_00066100",1,900
"TN_2_00065100",51.8075866699219,46626.8280029297
"TN_2_00065200",66.4767150878906,59829.0435791016
"TN_2_00065400",79.326530456543,71393.8774108887
"TN_2_00066800",1,900
"TN_2_00068100",11.5954093933105,10435.8684539795
"TN_2_00066200",2,1800
"TN_2_00066600",1,900
"TN_2_00068300",10.1405935287476,9126.5341758728
"TN_2_00207800",0,0
"TN_2_40303000",66.4544067382812,59808.9660644531
"TN_2_00068000",5.69353008270264,5124.17707443237
"TN_2_40307000",1499.30981445312,1349378.83300781
"TN_2_40306000",250.277435302734,225249.691772461
"TN_2_00068500",15.3493118286133,13814.380645752
"TN_2_00068400",13.8662185668945,12479.5967102051
"TN_2_00067300",422.098327636719,379888.494873047
"TN_2_00066300",0,0
"TN_2_40302000",354.473083496094,319025.775146484
"TN_2_00067900",45.5235328674316,40971.1795806885
"TN_2_00067100",90.3509826660156,81315.8843994141
"TN_2_00068700",331.15771484375,298041.943359375
"TN_2_00068600",497.28857421875,447559.716796875
"TN_2_00066500",11.6873006820679,10518.5706138611
"TN_2_00068200",29.0392971038818,26135.3673934937
"TN_2_00067200",107.059722900391,96353.7506103516
"TN_2_00066700",0,0
"TN_2_00066900",46,41400
"TN_2_40304000",205.82145690918,185239.311218262
"TN_2_00067800",2,1800
"TN_2_00068800",26,23400
"TN_2_00067000",23.0007953643799,20700.7158279419
"TN_2_00067700",7.08490896224976,6376.41806602478
"TN_2_00067400",90.3400802612305,81306.0722351074
"TN_2_00066400",5.31269931793213,4781.42938613892
"TN_2_00102900",0,0
"TN_2_00067600",33.3372459411621,30003.5213470459
"TN_2_00069000",79.3089981079102,71378.0982971191
"TN_2_00070100",2.29814124107361,2068.32711696625
"TN_2_00068900",21.9095878601074,19718.6290740967
"TN_2_40308000",297.836639404297,268052.975463867
"TN_2_00070000",2,1800
"TN_2_00210300",0,0
"TN_2_00069900",12.8605632781982,11574.5069503784
"TN_2_00103000",26.7489852905273,24074.0867614746
"TN_2_00069600",214.675933837891,193208.340454102
"TN_2_40309000",206.994140625,186294.7265625
"TN_2_00212400",5,4500
"TN_2_00081700",291.813873291016,262632.485961914
"TN_2_40305000",612.561645507812,551305.480957031
"TN_2_00067500",0,0
"TN_2_00212300",2,1800
"TN_2_40313000",793.301208496094,713971.087646484
"TN_2_40307000",685.063781738281,616557.403564453
"TN_2_00070400",4,3600
"TN_2_00070500",17,15300
"TN_2_00070200",0.701858818531036,631.672936677933
"TN_2_00069100",75.3900146484375,67851.0131835938
"TN_2_00104100",1.25101470947266,1125.91323852539
"TN_2_00069700",20.1517219543457,18136.5497589111
"TN_2_00069200",17.5859527587891,15827.3574829102
"TN_2_40310000",97.1266708374023,87414.0037536621
"TN_2_00069500",161.372299194336,145235.069274902
"TN_2_00071300",73.4678497314453,66121.0647583008
"TN_2_00069800",44.3105773925781,39879.5196533203
"TN_2_00103200",2,1800
"TN_2_00102700",0,0
"TN_2_00070300",17.3009719848633,15570.874786377
"TN_2_40311000",469.338989257812,422405.090332031
"TN_2_00103100",0,0
"TN_2_40312000",250.22200012207,225199.800109863
"TN_2_40314000",193.730178833008,174357.160949707
"TN_2_00102600",0,0
"TN_2_00071200",26.5976791381836,23937.9112243652
"TN_2_00073100",2,1800
"TN_2_00069400",10.1069164276123,9096.22478485107
"TN_2_00071100",108.036338806152,97232.7049255371
"TN_2_00070600",34.5377006530762,31083.9305877686
"TN_2_40316000",931.64013671875,838476.123046875
"TN_2_00070800",32,28800
"TN_2_00069300",75.8691711425781,68282.2540283203
"TN_2_00073200",94.3885803222656,84949.7222900391
"TN_2_00103300",1,900
"TN_2_40322000",756.767211914062,681090.490722656
"TN_2_40315000",422.062225341797,379856.002807617
"TN_2_00104000",43.2009696960449,38880.8727264404
"TN_2_00103400",0,0
"TN_2_00103900",7,6300
"TN_2_00102800",139.481079101562,125532.971191406
"TN_2_00073000",23.3161239624023,20984.5115661621
"TN_2_40324000",1907.4990234375,1716749.12109375
"TN_2_00070900",17.1953811645508,15475.8430480957
"TN_2_00103500",1,900
"TN_2_40325000",627.244384765625,564519.946289062
"TN_2_00103800",0,0
"TN_2_40321000",2343.85913085938,2109473.21777344
"TN_2_00073300",26.611421585083,23950.2794265747
"TN_2_00071000",188.385604858398,169547.044372559
"TN_2_40323000",13.8624620437622,12476.215839386
"TN_2_00103700",3,2700
"TN_2_00072600",154.08984375,138680.859375
"TN_2_00212600",11,9900
"TN_2_00070700",46.8281440734863,42145.3296661377
"TN_2_00071500",2,1800
"TN_2_00212500",0,0
"TN_2_40317000",286.0029296875,257402.63671875
"TN_2_00072900",199.653305053711,179687.97454834
"TN_2_00071400",8.62736988067627,7764.63289260864
"TN_2_00104200",10,9000
"TN_2_00072100",7.89425897598267,7104.8330783844
"TN_2_00072000",5,4500
"TN_2_00072700",164.435516357422,147991.96472168
"TN_2_00072800",0,0
"TN_2_00071600",97.2746810913086,87547.2129821777
"TN_2_00072400",124.117942810059,111706.148529053
"TN_2_00072500",17.9287204742432,16135.8484268188
"TN_2_00103600",0,0
"TN_2_00073400",0,0
"TN_2_00071700",62.8627967834473,56576.5171051025
"TN_2_00073700",8,7200
"TN_2_00104600",18,16200
"TN_2_00104700",69.891471862793,62902.3246765137
"TN_2_40326000",874.094909667969,786685.418701172
"TN_2_00071900",6.08721017837524,5478.48916053772
"TN_2_40318000",252.468307495117,227221.476745605
"TN_2_00073500",4.68619537353516,4217.57583618164
"TN_2_00073900",42.6818313598633,38413.648223877
"TN_2_00074000",16.8239727020264,15141.5754318237
"TN_2_00075500",80.9810485839844,72882.9437255859
"TN_2_40332000",233.584579467773,210226.121520996
"TN_2_00081800",68.9078674316406,62017.0806884766
"TN_2_00082000",145.750518798828,131175.466918945
"TN_2_00104300",87.4239959716797,78681.5963745117
"TN_2_00073800",23.4104442596436,21069.3998336792
"TN_2_40320000",828.261657714844,745435.491943359
"TN_2_40327000",121.321868896484,109189.682006836
"TN_2_00073600",1.50296366214752,1352.66729593277
"TN_2_00074100",960.577941894531,864520.147705078
"TN_2_00081900",138.33073425293,124497.660827637
"TN_2_00104500",186.513671875,167862.3046875
"TN_2_00072300",3.35937523841858,3023.43771457672
"TN_2_00075200",89.9127883911133,80921.509552002
"TN_2_00075100",0,0
"TN_2_00071800",39,35100
"TN_2_00072200",0,0
"TN_2_00214700",1.10853123664856,997.678112983704
"TN_2_00106100",6,5400
"TN_2_00104400",164.653701782227,148188.331604004
"TN_2_00106200",10,9000
"TN_2_00106300",247.827819824219,223045.037841797
"TN_2_00075400",296.813079833984,267131.771850586
"TN_2_00074300",162.132217407227,145918.995666504
"TN_2_40328000",276.019134521484,248417.221069336
"TN_2_00074700",28,25200
"TN_2_00214500",2,1800
"TN_2_00105300",5,4500
"TN_2_00082100",165.182510375977,148664.259338379
"TN_2_00105200",88,79200
"TN_2_40319000",514.843872070312,463359.484863281
"TN_2_00075000",1,900
"TN_2_00214600",13,11700
"TN_2_00074200",25.6404285430908,23076.3856887817
"TN_2_00105400",1,900
"TN_2_00106000",112.019149780273,100817.234802246
"TN_2_00104800",0,0
"TN_2_00074400",185.590362548828,167031.326293945
"TN_2_00105100",0,0
"TN_2_00077200",0,0
"TN_2_00077400",10.7410039901733,9666.90359115601
"TN_2_00075300",8,7200
"TN_2_00106400",89.0363006591797,80132.6705932617
"TN_2_00105000",0,0
"TN_2_40329000",71.5597991943359,64403.8192749023
"TN_2_00214400",71.654411315918,64488.9701843262
"TN_2_00077300",0,0
"TN_2_00082600",28,25200
"TN_2_00105600",18,16200
"TN_2_00077500",20.2226943969727,18200.4249572754
"TN_2_40333000",34.06103515625,30654.931640625
"TN_2_00104900",0,0
"TN_2_00105700",449.929534912109,404936.581420898
"TN_2_00082400",8.00064468383789,7200.5802154541
"TN_2_00074900",6,5400
"TN_2_00074500",3.81670880317688,3435.03792285919
"TN_2_00077100",74.3848342895508,66946.3508605957
"TN_2_00082200",240.944107055664,216849.696350098
"TN_2_00107500",5.52940034866333,4976.460313797
"TN_2_00105800",7.631422996521,6868.2806968689
"TN_2_00105500",11.5817317962646,10423.5586166382
"TN_2_00107600",292.212860107422,262991.57409668
"TN_2_00107400",21,18900
"TN_2_00076900",145.730621337891,131157.559204102
"TN_2_00214300",0,0
"TN_2_00076600",129.582946777344,116624.652099609
"TN_2_00107300",54.9983825683594,49498.5443115234
"TN_2_00105900",53.8436660766602,48459.2994689941
"TN_2_00075900",27.0122413635254,24311.0172271729
"TN_2_00074600",0,0
"TN_2_00106600",16.7452716827393,15070.7445144653
"TN_2_00074800",2.11107397079468,1899.96657371521
"TN_2_00109100",11.7908525466919,10611.7672920227
"TN_2_00075600",1,900
"TN_2_00109000",2.20914721488953,1988.23249340057
"TN_2_00106700",17.3919124603271,15652.7212142944
"TN_2_40330000",1151.2431640625,1036118.84765625
"TN_2_00106500",11,9900
"TN_2_40331000",140.495407104492,126445.866394043
"TN_2_00076800",0,0
"TN_2_00214900",105.356010437012,94820.4093933105
"TN_2_00107800",45,40500
"TN_2_00077000",233.143508911133,209829.15802002
"TN_2_00106900",66.4033889770508,59763.0500793457
"TN_2_00082500",117.367874145508,105631.086730957
"TN_2_00076400",215.317855834961,193786.070251465
"TN_2_00214800",0,0
"TN_2_00082300",121.431457519531,109288.311767578
"TN_2_00084000",153.172760009766,137855.484008789
"TN_2_00083900",110.689918518066,99620.9266662598
"TN_2_00107100",20.0751647949219,18067.6483154297
"TN_2_00107200",5.45751571655273,4911.76414489746
"TN_2_00083800",27,24300
"TN_2_00076000",3.98775911331177,3588.98320198059
"TN_2_00109400",26,23400
"TN_2_00108900",63.4648513793945,57118.3662414551
"TN_2_00076100",67,60300
"TN_2_00075800",14.1404228210449,12726.3805389404
"TN_2_40334000",69.2072677612305,62286.5409851074
"TN_2_00107700",0,0
"TN_2_00076200",18.0011138916016,16201.0025024414
"TN_2_00108000",178.052124023438,160246.911621094
"TN_2_00075700",0,0
"TN_2_00109500",55.8724822998047,50285.2340698242
"TN_2_00108200",159.328659057617,143395.793151855
"TN_2_00109200",0,0
"TN_2_00109300",0,0
"TN_2_00107900",21.9102382659912,19719.2144393921
"TN_2_00076700",20.7185649871826,18646.7084884644
"TN_2_00078500",22.8595771789551,20573.6194610596
"TN_2_00083300",86.4915390014648,77842.3851013184
"TN_2_00108800",0,0
"TN_2_00106800",23,20700
"TN_2_00077700",416.707916259766,375037.124633789
"TN_2_00111900",445.201965332031,400681.768798828
"TN_2_00076300",20,18000
"TN_2_00383000",120.842727661133,108758.45489502
"TN_2_00084100",169.238235473633,152314.41192627
"TN_2_00109700",0,0
"TN_2_00078200",9,8100
"TN_2_00108700",0,0
"TN_2_00076500",191.900192260742,172710.173034668
"TN_2_00109600",73.6619873046875,66295.7885742188
"TN_2_00109900",166.609252929688,149948.327636719
"TN_2_00107000",4.4396915435791,3995.72238922119
"TN_2_00108100",7,6300
"TN_2_00082700",1,900
"TN_2_00112700",2,1800
"TN_2_00215800",114.553665161133,103098.29864502
"TN_2_00082900",30.9497394561768,27854.7655105591
"TN_2_00111300",20,18000
"TN_2_00078800",9,8100
"TN_2_00078100",0,0
"TN_2_00112800",83.2915267944336,74962.3741149902
"TN_2_00110400",22.0601234436035,19854.1110992432
"TN_2_00083000",28.2844429016113,25455.9986114502
"TN_2_40335000",93.197395324707,83877.6557922363
"TN_2_00078000",9,8100
"TN_2_00110800",22.9398765563965,20645.8889007568
"TN_2_00108300",3,2700
"TN_2_00082800",4.05807209014893,3652.26488113403
"TN_2_00078300",5,4500
"TN_2_00077900",5,4500
"TN_2_00383100",212.635360717773,191371.824645996
"TN_2_00112600",0,0
"TN_2_00083500",18.8471145629883,16962.4031066895
"TN_2_00108600",4,3600
"TN_2_00084200",6.59146165847778,5932.31549263
"TN_2_00111000",130.371795654297,117334.616088867
"TN_2_00078400",0,0
"TN_2_00078700",7,6300
"TN_2_00109800",0,0
"TN_2_00077800",120.858428955078,108772.58605957
"TN_2_00112500",0,0
"TN_2_00078600",0,0
"TN_2_00110900",2,1800
"TN_2_00112300",12,10800
"TN_2_00083600",280.338165283203,252304.348754883
"TN_2_00083700",404.893035888672,364403.732299805
"TN_2_00083100",22.1591491699219,19943.2342529297
"TN_2_00108500",7.60978841781616,6848.80957603455
"TN_2_00077600",123.67106628418,111303.959655762
"TN_2_00112400",0,0
"TN_2_00110500",0,0
"TN_2_00112100",11.8742065429688,10686.7858886719
"TN_2_00110000",12.1071729660034,10896.4556694031
"TN_2_00083400",85.9646377563477,77368.1739807129
"TN_2_00108400",0,0
"TN_2_00110300",4,3600
"TN_2_00111800",3.20193076133728,2881.73768520355
"TN_2_00084500",181,162900
"TN_2_00084800",226.940582275391,204246.524047852
"TN_2_40343000",313.766052246094,282389.447021484
"TN_2_00111500",7,6300
"TN_2_00079400",336.130554199219,302517.498779297
"TN_2_00112900",13.5440044403076,12189.6039962769
"TN_2_00111700",117.242347717285,105518.112945557
"TN_2_00111400",0,0
"TN_2_00111100",38.9118423461914,35020.6581115723
"TN_2_00084700",21.777587890625,19599.8291015625
"TN_2_00084400",63.2248458862305,56902.3612976074
"TN_2_00079200",2,1800
"TN_2_00079100",11,9900
"TN_2_00079000",0,0
"TN_2_00383200",219.859436035156,197873.492431641
"TN_2_00113100",0,0
"TN_2_00084300",42.6046714782715,38344.2043304443
"TN_2_00112200",1.47220873832703,1324.98786449432
"TN_2_00113000",16.8099479675293,15128.9531707764
"TN_2_40336000",125.871017456055,113283.915710449
"TN_2_00083200",0,0
"TN_2_00111200",1,900
"TN_2_00110100",8,7200
"TN_2_00084600",18.0986232757568,16288.7609481812
"TN_2_00079500",147.473968505859,132726.571655273
"TN_2_00110700",13.2515068054199,11926.3561248779
"TN_2_00078900",18,16200
"TN_2_00383300",341.986328125,307787.6953125
"TN_2_00079300",3,2700
"TN_2_00110600",10,9000
"TN_2_00086200",54.7170829772949,49245.3746795654
"TN_2_00080500",30,27000
"TN_2_00114500",0,0
"TN_2_00383400",196.294235229492,176664.811706543
"TN_2_00113200",0,0
"TN_2_00086400",61.8382682800293,55654.4414520264
"TN_2_00081100",6,5400
"TN_2_00081200",0,0
"TN_2_00110200",3,2700
"TN_2_00383500",297.569519042969,267812.567138672
"TN_2_00112000",92.4293823242188,83186.4440917969
"TN_2_00086000",6.367506980896,5730.7562828064
"TN_2_00086100",23,20700
"TN_2_00111600",4,3600
"TN_2_00085000",300.549224853516,270494.302368164
"TN_2_00080600",3,2700
"TN_2_00114400",12,10800
"TN_2_40344000",56.2054443359375,50584.8999023438
"TN_2_00113900",60.8956756591797,54806.1080932617
"TN_2_00113800",658.476989746094,592629.290771484
"TN_2_00081300",2,1800
"TN_2_00081400",1,900
"TN_2_00114300",5,4500
"TN_2_00079700",1,900
"TN_2_00114100",3,2700
"TN_2_00113300",100.537940979004,90484.1468811035
"TN_2_00080800",18,16200
"TN_2_00084900",25.4592761993408,22913.3485794067
"TN_2_00080400",77.0577697753906,69351.9927978516
"TN_2_00383600",103.014472961426,92713.0256652832
"TN_2_00085800",24,21600
"TN_2_00079600",0,0
"TN_2_00113400",0,0
"TN_2_00114000",0,0
"TN_2_00114600",0,0
"TN_2_00085600",7,6300
"TN_2_00085900",17.6324939727783,15869.2445755005
"TN_2_00081000",1,900
"TN_2_00085500",6.62495422363281,5962.45880126953
"TN_2_40337000",762.558166503906,686302.349853516
"TN_2_40345000",1025.60705566406,923046.350097656
"TN_2_00113500",428.572357177734,385715.121459961
"TN_2_00114800",42,37800
"TN_2_00114200",0,0
"TN_2_40347000",3,2700
"TN_2_00086300",62.0575866699219,55851.8280029297
"TN_2_00114700",0,0
"TN_2_00113600",5,4500
"TN_2_00081500",0,0
"TN_2_00080100",30,27000
"TN_2_00079800",6,5400
"TN_2_00086500",64.7809677124023,58302.8709411621
"TN_2_00085400",61.7677955627441,55591.0160064697
"TN_2_00383700",70.9528121948242,63857.5309753418
"TN_2_00113800",0.104325212538242,93.8926912844181
"TN_2_00079900",37.8362045288086,34052.5840759277
"TN_2_00115100",25.579381942749,23021.4437484741
"TN_2_00086900",65.7157363891602,59144.1627502441
"TN_2_00085200",289.917083740234,260925.375366211
"TN_2_00080900",29,26100
"TN_2_00085700",7.37504577636719,6637.54119873047
"TN_2_00117200",176.615829467773,158954.246520996
"TN_2_00117300",72.3510513305664,65115.9461975098
"TN_2_00080300",13.7109842300415,12339.8858070374
"TN_2_00086800",87.6353607177734,78871.8246459961
"TN_2_00087000",25.1323261260986,22619.0935134888
"TN_2_00114900",2.88847827911377,2599.63045120239
"TN_2_00113700",0,0
"TN_2_00080700",4.78121614456177,4303.09453010559
"TN_2_00087100",101.543434143066,91389.0907287598
"TN_2_00115000",23.5321407318115,21178.9266586304
"TN_2_00115500",393.680236816406,354312.213134766
"TN_2_00080200",0,0
"TN_2_00089100",1,900
"TN_2_00086700",6,5400
"TN_2_00116900",0,0
"TN_2_00086600",79,71100
"TN_2_00117400",283.289428710938,254960.485839844
"TN_2_00117100",72.3994979858398,65159.5481872559
"TN_2_00117500",137.949111938477,124154.200744629
"TN_2_00116800",0,0
"TN_2_00081600",0,0
"TN_2_00088800",15.2993621826172,13769.4259643555
"TN_2_00115200",6,5400
"TN_2_40346000",288.744720458984,259870.248413086
"TN_2_00115800",44.6947746276855,40225.297164917
"TN_2_40348000",557.213256835938,501491.931152344
"TN_2_00117000",19.31223487854,17381.011390686
"TN_2_00087200",81,72900
"TN_2_00116300",0,0
"TN_2_00386100",4,3600
"TN_2_00115400",742.64013671875,668376.123046875
"TN_2_00089200",3,2700
"TN_2_00116700",142.547744750977,128292.970275879
"TN_2_00115700",128.250427246094,115425.384521484
"TN_2_00089000",8.3624267578125,7526.18408203125
"TN_2_00116100",3.54786610603333,3193.07949542999
"TN_2_00085300",196.003372192383,176403.034973145
"TN_2_00088900",38.3899841308594,34550.9857177734
"TN_2_00117800",1,900
"TN_2_00116200",61.3973922729492,55257.6530456543
"TN_2_00080000",19.9823875427246,17984.1487884521
"TN_2_00117700",10.1095113754272,9098.56023788452
"TN_2_00088200",0,0
"TN_2_00088600",3,2700
"TN_2_00088300",0,0
"TN_2_00088400",1.8073410987854,1626.60698890686
"TN_2_00383900",0,0
"TN_2_00117900",0,0
"TN_2_00088000",274.161041259766,246744.937133789
"TN_2_00116500",100.535583496094,90482.0251464844
"TN_2_00383800",0,0
"TN_2_00115300",113.373092651367,102035.78338623
"TN_2_00116400",0,0
"TN_2_00385800",8.18701934814453,7368.31741333008
"TN_2_00087300",420.596710205078,378537.03918457
"TN_2_00116000",40.606575012207,36545.9175109863
"TN_2_00116600",4.13780164718628,3724.02148246765
"TN_2_00118000",3.89188718795776,3502.69846916199
"TN_2_00089300",0,0
"TN_2_00091900",1047.35168457031,942616.516113281
"TN_2_00115900",3.04499530792236,2740.49577713013
"TN_2_00087900",8,7200
"TN_2_00115600",31.2291202545166,28106.2082290649
"TN_2_00118100",0,0
"TN_2_00091600",31.5947380065918,28435.2642059326
"TN_2_00118200",12.7693176269531,11492.3858642578
"TN_2_00087400",62.5884017944336,56329.5616149902
"TN_2_00088100",8.16319179534912,7346.87261581421
"TN_2_00088700",73.5376358032227,66183.8722229004
"TN_2_00118400",15.9550046920776,14359.5042228699
"TN_2_00088500",157.694808959961,141925.328063965
"TN_2_00087500",145.194854736328,130675.369262695
"TN_2_00091700",22,19800
"TN_2_00092200",12.4052610397339,11164.7349357605
"TN_2_00119100",0.914161801338196,822.745621204376
"TN_2_00089900",1561.8984375,1405708.59375
"TN_2_00089500",142.714813232422,128443.33190918
"TN_2_00087800",1,900
"TN_2_00091500",3.11938977241516,2807.45079517365
"TN_2_00091800",5,4500
"TN_2_40337000",48,43200
"TN_2_00118300",1,900
"TN_2_00119000",0,0
"TN_2_00089600",108.086570739746,97277.9136657715
"TN_2_00386200",0,0
"TN_2_00118500",57.5065879821777,51755.92918396
"TN_2_00386300",6.08583831787109,5477.25448608398
"TN_2_00118600",26.2594566345215,23633.5109710693
"TN_2_00087700",174.74577331543,157271.195983887
"TN_2_00386400",17,15300
"TN_2_00089800",33,29700
"TN_2_00089400",15.5012607574463,13951.1346817017
"TN_2_00118800",0,0
"TN_2_00089700",0,0
"TN_2_00087600",161.324203491211,145191.78314209
"TN_2_00090800",2.24887681007385,2023.98912906647
"TN_2_00118700",0,0
"TN_2_00386500",7.89553546905518,7105.98192214966
"TN_2_00091300",81,72900
"TN_2_00386600",4.2046799659729,3784.21196937561
"TN_2_00121800",118.690505981445,106821.455383301
"TN_2_00121900",156.293029785156,140663.726806641
"TN_2_00090000",580.288269042969,522259.442138672
"TN_2_00091400",65.3754196166992,58837.8776550293
"TN_2_00092100",6,5400
"TN_2_00122000",142.961166381836,128665.049743652
"TN_2_00092300",66.8806076049805,60192.5468444824
"TN_2_00118900",8.63853454589844,7774.68109130859
"TN_2_00090900",0,0
"TN_2_00091000",215.268264770508,193741.438293457
"TN_2_00119800",136.894424438477,123204.981994629
"TN_2_00121700",0,0
"TN_2_00119600",0,0
"TN_2_00119700",0,0
"TN_2_00090500",22.3006019592285,20070.5417633057
"TN_2_00092000",81.5680999755859,73411.2899780273
"TN_2_00092500",8,7200
"TN_2_00092400",1.37446641921997,1237.01977729797
"TN_2_00090700",21.2135772705078,19092.219543457
"TN_2_00092600",155.864166259766,140277.749633789
"TN_2_00119300",144.093734741211,129684.36126709
"TN_2_00091200",7,6300
"TN_2_40338000",62.9933471679688,56694.0124511719
"TN_2_00122100",5.98045873641968,5382.41286277771
"TN_2_00095300",866.899597167969,780209.637451172
"TN_2_00122200",12.6797094345093,11411.7384910583
"TN_2_00126100",20.2813777923584,18253.2400131226
"TN_2_00122400",132.095657348633,118886.09161377
"TN_2_00095000",0,0
"TN_2_00092700",61.3864288330078,55247.785949707
"TN_2_00090600",8,7200
"TN_2_00091100",30.6238136291504,27561.4322662354
"TN_2_00092800",16,14400
"TN_2_00119900",20.9127883911133,18821.509552002
"TN_2_00120000",0,0
"TN_2_00121600",8,7200
"TN_2_00092900",2,1800
"TN_2_40339000",459.125915527344,413213.323974609
"TN_2_00386900",57.4691696166992,51722.2526550293
"TN_2_00093000",9.10792541503906,8197.13287353516
"TN_2_00119500",105.718315124512,95146.4836120605
"TN_2_00094500",109.79182434082,98812.6419067383
"TN_2_00094700",146.801956176758,132121.760559082
"TN_2_00386800",11.4231815338135,10280.8633804321
"TN_2_00122300",8,7200
"TN_2_00094900",53.3365859985352,48002.9273986816
"TN_2_00094800",481.584350585938,433425.915527344
"TN_2_00095200",0,0
"TN_2_00390500",0,0
"TN_2_00122500",2,1800
"TN_2_00094400",0,0
"TN_2_00090400",1,900
"TN_2_00090300",0,0
"TN_2_00090100",712.767944335938,641491.149902344
"TN_2_00093100",18.9565353393555,17060.8818054199
"TN_2_00126000",21.9746837615967,19777.215385437
"TN_2_00093200",35.8298873901367,32246.898651123
"TN_2_00119400",287.373748779297,258636.373901367
"TN_2_00094600",32.6257553100586,29363.1797790527
"TN_2_00095500",39.5245628356934,35572.106552124
"TN_2_00121500",13.7483930587769,12373.5537528992
"TN_2_00390700",102.401428222656,92161.2854003906
"TN_2_00093300",0,0
"TN_2_00095100",29.3774871826172,26439.7384643555
"TN_2_00094300",42,37800
"TN_2_00126200",2,1800
"TN_2_00390800",0,0
"TN_2_00093400",6.95896625518799,6263.06962966919
"TN_2_00125900",172.741088867188,155466.979980469
"TN_2_00121400",2.25160717964172,2026.44646167755
"TN_2_00122600",24.4560947418213,22010.4852676392
"TN_2_00094000",6.64418888092041,5979.76999282837
"TN_2_00090200",3535.78198242188,3182203.78417969
"TN_2_00126600",0.345608055591583,311.047250032425
"TN_2_00126400",19,17100
"TN_2_00095600",141.223495483398,127101.145935059
"TN_2_00126300",0,0
"TN_2_00122700",84.5647888183594,76108.3099365234
"TN_2_00094100",0,0
"TN_2_00121300",0,0
"TN_2_00391000",0.294691056013107,265.221950411797
"TN_2_00095400",61.7681922912598,55591.3730621338
"TN_2_00095800",8.29512500762939,7465.61250686646
"TN_2_00121200",0.694518983364105,625.067085027695
"TN_2_00093900",15.1859178543091,13667.3260688782
"TN_2_00095700",68.3037033081055,61473.3329772949
"TN_2_00126500",0,0
"TN_2_00125600",12.5439043045044,11289.513874054
"TN_2_00126800",0,0
"TN_2_00121100",5.30548095703125,4774.93286132812
"TN_2_00096200",3,2700
"TN_2_00126700",0,0
"TN_2_00390900",11.3221731185913,10189.9558067322
"TN_2_40340000",153.659408569336,138293.467712402
"TN_2_00094200",0,0
"TN_2_00391100",0,0
"TN_2_00120900",0,0
"TN_2_00125800",8.4669942855835,7620.29485702515
"TN_2_00127000",28.5443439483643,25689.9095535278
"TN_2_00122900",1,900
"TN_2_00093700",65.3994445800781,58859.5001220703
"TN_2_00130100",0,0
"TN_2_00125500",1,900
"TN_2_00096600",36.4053649902344,32764.8284912109
"TN_2_00126900",1,900
"TN_2_00123000",40.0104789733887,36009.4310760498
"TN_2_00096100",1,900
"TN_2_00095900",34.4444236755371,30999.9813079834
"TN_2_00093800",239.172027587891,215254.824829102
"TN_2_00096300",0,0
"TN_2_00130000",1,900
"TN_2_00093500",17.67942237854,15911.480140686
"TN_2_00120800",1.49961233139038,1349.65109825134
"TN_2_00121000",0,0
"TN_2_00096400",0,0
"TN_2_00096500",0,0
"TN_2_00120700",0,0
"TN_2_00125700",0,0
"TN_2_00122800",0,0
"TN_2_00129900",5,4500
"TN_2_00096000",0,0
"TN_2_00120600",0,0
"TN_2_00098400",10.8701448440552,9783.13035964966
"TN_2_00098700",5,4500
"TN_2_00123100",0,0
"TN_2_00143400",4,3600
"TN_2_00098500",0,0
"TN_2_00098600",19,17100
"TN_2_00130200",0,0
"TN_2_00096700",0,0
"TN_2_00120500",52.0591506958008,46853.2356262207
"TN_2_00096800",5.00336217880249,4503.02596092224
"TN_2_00097800",4,3600
"TN_2_00098200",0,0
"TN_2_00127100",0,0
"TN_2_00125300",16.3170261383057,14685.3235244751
"TN_2_00097700",12,10800
"TN_2_00143500",0,0
"TN_2_00096900",55.996639251709,50396.9753265381
"TN_2_00143600",0,0
"TN_2_00097000",0,0
"TN_2_00099300",24,21600
"TN_2_00120400",36.7547645568848,33079.2881011963
"TN_2_00099200",19,17100
"TN_2_00125200",281.168365478516,253051.528930664
"TN_2_00093600",710.534301757812,639480.871582031
"TN_2_00098300",16.0852661132812,14476.7395019531
"TN_2_00120200",79,71100
"TN_2_00129800",12.9886608123779,11689.7947311401
"TN_2_00120300",15,13500
"TN_2_00098100",0,0
"TN_2_00098800",128.981079101562,116082.971191406
"TN_2_00097500",98.7645263671875,88888.0737304688
"TN_2_00125400",4.11818504333496,3706.36653900146
"TN_2_00097100",16.9494476318359,15254.5028686523
"TN_2_00123200",17.910400390625,16119.3603515625
"TN_2_00098000",0,0
"TN_2_00097200",1543.10400390625,1388793.60351562
"TN_2_00099400",1,900
"TN_2_00129500",7,6300
"TN_2_00097900",19.8228244781494,17840.5420303345
"TN_2_00127200",11,9900
"TN_2_00130400",1,900
"TN_2_00098900",238.265380859375,214438.842773438
"TN_2_00097400",148.530532836914,133677.479553223
"TN_2_00099500",12.9147338867188,11623.2604980469
"TN_2_00143800",8.74740409851074,7872.66368865967
"TN_2_00127400",1,900
"TN_2_00097600",17.8536834716797,16068.3151245117
"TN_2_00130300",2,1800
"TN_2_00123600",58.2555885314941,52430.0296783447
"TN_2_00127500",79.3059158325195,71375.3242492676
"TN_2_00143700",1,900
"TN_2_00129600",5.05820608139038,4552.38547325134
"TN_2_00127300",22.9014854431152,20611.3368988037
"TN_2_00101700",10,9000
"TN_2_00129700",0,0
"TN_2_40341000",0,0
"TN_2_00129400",0,0
"TN_2_00131700",2,1800
"TN_2_00097300",159.916442871094,143924.798583984
"TN_2_00123300",18,16200
"TN_2_00099700",1.32349228858948,1191.14305973053
"TN_2_00131800",1,900
"TN_2_00131600",87.8837356567383,79095.3620910645
"TN_2_00101600",7.48374652862549,6735.37187576294
"TN_2_40342000",419.533294677734,377579.965209961
"TN_2_00099000",148.143508911133,133329.15802002
"TN_2_00125100",21.2496452331543,19124.6807098389
"TN_2_00120100",1,900
"TN_2_00100100",0,0
"TN_2_00132100",0,0
"TN_2_00099600",0,0
"TN_2_00129300",2.09851503372192,1888.66353034973
"TN_2_00099800",97.9887619018555,88189.8857116699
"TN_2_00130600",2,1800
"TN_2_00132300",1,900
"TN_2_00123900",8,7200
"TN_2_00101200",9.46450805664062,8518.05725097656
"TN_2_00101800",60,54000
"TN_2_00123400",94.6656875610352,85199.1188049316
"TN_2_00397700",0,0
"TN_2_00100000",0,0
"TN_2_00130900",20.3773326873779,18339.5994186401
"TN_2_00132200",2,1800
"TN_2_00123500",163.44775390625,147102.978515625
"TN_2_00143900",29,26100
"TN_2_00099900",0,0
"TN_2_00132400",0,0
"TN_2_00100400",382.616516113281,344354.864501953
"TN_2_00131900",0,0
"TN_2_00101300",0,0
"TN_2_00127600",46.436466217041,41792.8195953369
"TN_2_00101500",1.05174589157104,946.57130241394
"TN_2_00397600",9.49931716918945,8549.38545227051
"TN_2_00130800",2.62266707420349,2360.40036678314
"TN_2_00130500",7.11645746231079,6404.81171607971
"TN_2_00100200",0,0
"TN_2_00132000",0,0
"TN_2_00131500",53.8253364562988,48442.8028106689
"TN_2_00101100",2,1800
"TN_2_00100300",183.552215576172,165196.994018555
"TN_2_00130700",11.9614009857178,10765.260887146
"TN_2_00101400",0,0
"TN_2_40349000",641.931640625,577738.4765625
"TN_2_00123700",72.8469696044922,65562.272644043
"TN_2_00101900",9,8100
"TN_2_00129200",26.8757610321045,24188.184928894
"TN_2_00134300",33.0149154663086,29713.4239196777
"TN_2_00099100",347.388641357422,312649.77722168
"TN_2_00132500",0,0
"TN_2_00132600",2,1800
"TN_2_00101000",0,0
"TN_2_00132700",12.0387353897095,10834.8618507385
"TN_2_00100800",231.314498901367,208183.04901123
"TN_2_00135000",60.6435203552246,54579.1683197021
"TN_2_00100500",7.45649766921997,6710.84790229797
"TN_2_00134100",69.9850845336914,62986.5760803223
"TN_2_00124000",37,33300
"TN_2_00123800",6,5400
"TN_2_00131000",17.9993877410889,16199.44896698
"TN_2_00131300",36.0385971069336,32434.7373962402
"TN_2_00100700",4.54350233078003,4089.15209770203
"TN_2_00131100",14.1467895507812,12732.1105957031
"TN_2_00134400",3.56635904312134,3209.7231388092
"TN_2_00134700",195.125061035156,175612.554931641
"TN_2_00100900",17.12109375,15408.984375
"TN_2_00144200",4,3600
"TN_2_00102100",0,0
"TN_2_00131400",2,1800
"TN_2_00102200",13,11700
"TN_2_00100600",36.2077827453613,32587.0044708252
"TN_2_00129100",5.86602687835693,5279.42419052124
"TN_2_00102000",5.85173225402832,5266.55902862549
"TN_2_00131200",3.98779559135437,3589.01603221893
"TN_2_00144300",300,270000
"TN_2_00132800",3,2700
"TN_2_00144100",44.2005348205566,39780.481338501
"TN_2_40350000",116.009155273438,104408.239746094
"TN_2_00134000",1,900
"TN_2_00144000",21.0023765563965,18902.1389007568
"TN_2_00134500",119.895294189453,107905.764770508
"TN_2_00144500",1.1294184923172,1016.47664308548
"TN_2_00144400",0,0
"TN_2_00102300",0,0
"TN_2_00144700",0,0
"TN_2_00102400",5.92498254776001,5332.48429298401
"TN_2_00133900",33,29700
"TN_2_00133000",18.2854270935059,16456.8843841553
"TN_2_00134200",0,0
"TN_2_00132900",0,0
"TN_2_00134600",66.8704605102539,60183.4144592285
"TN_2_00124300",2.85098218917847,2565.88397026062
"TN_2_00129000",181.997406005859,163797.665405273
"TN_2_00144800",62,55800
"TN_2_00124400",4,3600
"TN_2_00124200",0.149017825722694,134.116043150425
"TN_2_00102500",3,2700
"TN_2_00397900",49,44100
"TN_2_00124500",0,0
"TN_2_00124100",0,0
"TN_2_00133700",6.14826774597168,5533.44097137451
"TN_2_00124900",9,8100
"TN_2_00133600",4,3600
"TN_2_00133800",0,0
"TN_2_00134800",12.9984016418457,11698.5614776611
"TN_2_00124700",0,0
"TN_2_00124600",0,0
"TN_2_00144600",6.87058162689209,6183.52346420288
"TN_2_00133200",2.85871911048889,2572.84719944
"TN_2_00137600",10,9000
"TN_2_00133100",3,2700
"TN_2_00134900",6.0015983581543,5401.43852233887
"TN_2_00145500",0,0
"TN_2_00145400",2,1800
"TN_2_00124800",0,0
"TN_2_00145700",12.7970886230469,11517.3797607422
"TN_2_00135100",16,14400
"TN_2_00133400",4.71457290649414,4243.11561584473
"TN_2_00145300",1,900
"TN_2_00137400",0,0
"TN_2_00135200",47.1175193786621,42405.7674407959
"TN_2_00144900",0,0
"TN_2_00125000",10.586067199707,9527.46047973633
"TN_2_00137200",80.0542755126953,72048.8479614258
"TN_2_00145100",13,11700
"TN_2_00137700",34.2471542358398,30822.4388122559
"TN_2_00127700",51.8756256103516,46688.0630493164
"TN_2_00137500",167.790252685547,151011.227416992
"TN_2_00145600",19,17100
"TN_2_00145000",0,0
"TN_2_00137100",3.74961638450623,3374.6547460556
"TN_2_00145800",0,0
"TN_2_00137300",11.2782154083252,10150.3938674927
"TN_2_00145200",4,3600
"TN_2_00137800",283.4609375,255114.84375
"TN_2_00128600",3,2700
"TN_2_00135300",17.35915184021,15623.236656189
"TN_2_00133300",32.8810844421387,29592.9759979248
"TN_2_00146700",7,6300
"TN_2_00133500",0,0
"TN_2_00146800",17,15300
"TN_2_00128500",1,900
"TN_2_00135500",36.5233268737793,32870.9941864014
"TN_2_00146400",6,5400
"TN_2_00137000",9.2503833770752,8325.34503936768
"TN_2_00135400",4,3600
"TN_2_00145900",0,0
"TN_2_00147200",6.25803565979004,5632.23209381104
"TN_2_00146500",15,13500
"TN_2_00146900",3,2700
"TN_2_00128300",72.083984375,64875.5859375
"TN_2_00128700",0.988298177719116,889.468359947205
"TN_2_00135600",5,4500
"TN_2_00128900",59.7419624328613,53767.7661895752
"TN_2_00138000",0,0
"TN_2_00137900",84.1293029785156,75716.3726806641
"TN_2_00135800",611.0986328125,549988.76953125
"TN_2_00136900",13,11700
"TN_2_00136600",2,1800
"TN_2_00136500",2,1800
"TN_2_00138100",3,2700
"TN_2_00127900",0,0
"TN_2_00136700",0,0
"TN_2_00127800",17.2276840209961,15504.9156188965
"TN_2_00135700",46.9977989196777,42298.01902771
"TN_2_00136400",51.5534439086914,46398.0995178223
"TN_2_00147000",0,0
"TN_2_00128800",18,16200
"TN_2_00136800",11.3085899353027,10177.7309417725
"TN_2_00136300",5.44655609130859,4901.90048217773
"TN_2_00128400",4.0117015838623,3610.53142547607
"TN_2_00146300",52.2425422668457,47018.2880401611
"TN_2_00140500",0,0
"TN_2_00140300",255.74853515625,230173.681640625
"TN_2_00146000",0,0
"TN_2_00128200",6.41904973983765,5777.14476585388
"TN_2_00138200",0,0
"TN_2_00147100",2.53252935409546,2279.27641868591
"TN_2_00146100",16.7596607208252,15083.6946487427
"TN_2_00147300",3.46747064590454,3120.72358131409
"TN_2_00146600",35.9997215270996,32399.7493743896
"TN_2_00140600",0,0
"TN_2_00140400",13.8505125045776,12465.4612541199
"TN_2_00147500",1,900
"TN_2_00147400",0,0
"TN_2_00135900",884.052795410156,795647.515869141
"TN_2_00138500",0,0
"TN_2_00136100",0,0
"TN_2_00128000",37.247730255127,33522.9572296143
"TN_2_00147600",1,900
"TN_2_00147700",0,0
"TN_2_00146200",31.0151214599609,27913.6093139648
"TN_2_00406500",82.7116851806641,74440.5166625977
"TN_2_00140200",279.916229248047,251924.606323242
"TN_2_00136000",3.99701476097107,3597.31328487396
"TN_2_00138400",293.073455810547,263766.110229492
"TN_2_00148200",0,0
"TN_2_00138600",73.2291946411133,65906.275177002
"TN_2_00138300",387.679504394531,348911.553955078
"TN_2_00136200",0,0
"TN_2_00148600",1.65095317363739,1485.85785627365
"TN_2_00148100",0,0
"TN_2_00138700",1,900
"TN_2_00148000",191.300674438477,172170.606994629
"TN_2_00138800",6.04734754562378,5442.6127910614
"TN_2_40353000",186.760437011719,168084.393310547
"TN_2_00147900",24,21600
"TN_2_00139000",7.00298500061035,6302.68650054932
"TN_2_00147800",0,0
"TN_2_00148800",146.982681274414,132284.413146973
"TN_2_00149000",4.82091045379639,4338.81940841675
"TN_2_00148500",4,3600
"TN_2_00139100",311.522888183594,280370.599365234
"TN_2_00140100",54.748966217041,49274.0695953369
"TN_2_00128100",0,0
"TN_2_00140700",0,0
"TN_2_00139900",249.024749755859,224122.274780273
"TN_2_00138900",2,1800
"TN_2_00148300",0,0
"TN_2_00139800",0.716548681259155,644.89381313324
"TN_2_00150700",1,900
"TN_2_00139700",0,0
"TN_2_00150400",1,900
"TN_2_00150000",2,1800
"TN_2_00149100",0,0
"TN_2_00139600",0,0
"TN_2_00150600",1,900
"TN_2_00149600",10.1790895462036,9161.18059158325
"TN_2_00148700",1,900
"TN_2_00148900",0,0
"TN_2_00150100",0,0
"TN_2_00140000",10.8165302276611,9734.87720489502
"TN_2_00148400",36.1981506347656,32578.3355712891
"TN_2_00139500",0,0
"TN_2_40354000",127.04711151123,114342.400360107
"TN_2_00150200",31.777530670166,28599.7776031494
"TN_2_00149900",14.9252166748047,13432.6950073242
"TN_2_00139300",2.95265221595764,2657.38699436188
"TN_2_00139400",0,0
"TN_2_00141200",82.9039306640625,74613.5375976562
"TN_2_00150500",0,0
"TN_2_00139200",563.261657714844,506935.491943359
"TN_2_00141300",106.242752075195,95618.4768676758
"TN_2_00162200",7.81883192062378,7036.9487285614
"TN_2_00140800",37.086009979248,33377.4089813232
"TN_2_00149300",49.1625823974609,44246.3241577148
"TN_2_00149200",20.0369510650635,18033.2559585571
"TN_2_00149800",0,0
"TN_2_00149700",0,0
"TN_2_00141600",1,900
"TN_2_00150300",0,0
"TN_2_00149500",0,0
"TN_2_00141400",0,0
"TN_2_00151700",0,0
"TN_2_00151300",135.672943115234,122105.648803711
"TN_2_00151100",7.92180061340332,7129.62055206299
"TN_2_00142200",123.603553771973,111243.198394775
"TN_2_00151600",0,0
"TN_2_00141500",0,0
"TN_2_00141000",0.0143346022814512,12.9011420533061
"TN_2_00142500",18.7867546081543,16908.0791473389
"TN_2_00149400",3,2700
"TN_2_00150800",16,14400
"TN_2_00162300",9.18116760253906,8263.05084228516
"TN_2_00141700",0,0
"TN_2_00141800",0,0
"TN_2_00141900",180.619369506836,162557.432556152
"TN_2_00142400",359.267547607422,323340.79284668
"TN_2_00142300",77.2599563598633,69533.960723877
"TN_2_40352000",483.340026855469,435006.024169922
"TN_2_00151500",0,0
"TN_2_00151000",27,24300
"TN_2_00150900",16,14400
"TN_2_00151400",6.75567483901978,6080.1073551178
"TN_2_00164200",1,900
"TN_2_00140900",149.70979309082,134738.813781738
"TN_2_00151800",2,1800
"TN_2_00162400",0,0
"TN_2_00151200",0,0
"TN_2_00151900",2,1800
"TN_2_00142100",0,0
"TN_2_00164300",7.14175271987915,6427.57744789124
"TN_2_00412000",2,1800
"TN_2_00164100",2,1800
"TN_2_00162500",1.87831199169159,1690.48079252243
"TN_2_00152800",45,40500
"TN_2_00141100",39.4600830078125,35514.0747070312
"TN_2_00142800",0,0
"TN_2_00142000",4,3600
"TN_2_00152300",80,72000
"TN_2_00164400",5.8004674911499,5220.42074203491
"TN_2_00152200",3,2700
"TN_2_00152700",123.291404724121,110962.264251709
"TN_2_00164000",0,0
"TN_2_00153000",6.90752553939819,6216.77298545837
"TN_2_00164500",48.8582458496094,43972.4212646484
"TN_2_00142900",1,900
"TN_2_00152400",11,9900
"TN_2_00143100",46.8689575195312,42182.0617675781
"TN_2_00142600",3.27953743934631,2951.58369541168
"TN_2_00162600",28.8514575958252,25966.3118362427
"TN_2_00142700",0,0
"TN_2_00143000",1,900
"TN_2_00153100",69,62100
"TN_2_00152500",0,0
"TN_2_00153200",3.99515819549561,3595.64237594604
"TN_2_00152100",2,1800
"TN_2_00164600",18,16200
"TN_2_00162800",0,0
"TN_2_00153300",7.00484180450439,6304.35762405396
"TN_2_00152600",1.98978996276855,1790.8109664917
"TN_2_00162700",0,0
"TN_2_00163000",0,0
"TN_2_00154300",29.7085971832275,26737.7374649048
"TN_2_00152000",5,4500
"TN_2_00152900",0,0
"TN_2_00155200",70,63000
"TN_2_00163100",0,0
"TN_2_00155100",1,900
"TN_2_00143200",148,133200
"TN_2_00153800",13.092474937439,11783.2274436951
"TN_2_00162900",10.9909839630127,9891.88556671143
"TN_2_00164900",7,6300
"TN_2_00154000",3,2700
"TN_2_00163200",9.90895748138428,8918.06173324585
"TN_2_00163900",31,27900
"TN_2_00154100",6,5400
"TN_2_00154800",36.3450775146484,32710.5697631836
"TN_2_00164800",43.9331169128418,39539.8052215576
"TN_2_00155000",0,0
"TN_2_00155400",4,3600
"TN_2_00163300",0,0
"TN_2_00153900",11.8759727478027,10688.3754730225
"TN_2_00164700",5.58649969100952,5027.84972190857
"TN_2_00163400",95.962272644043,86366.0453796387
"TN_2_00154600",0,0
"TN_2_00154200",0,0
"TN_2_00153400",7.9918270111084,7192.64430999756
"TN_2_00165000",10,9000
"TN_2_00155300",12.7120237350464,11440.8213615417
"TN_2_00153700",16,14400
"TN_2_00153600",108.879180908203,97991.2628173828
"TN_2_00163700",60.8638877868652,54777.4990081787
"TN_2_00169300",16,14400
"TN_2_00154400",5,4500
"TN_2_00154700",9.65492057800293,8689.42852020264
"TN_2_00154900",4,3600
"TN_2_00163800",18,16200
"TN_2_00153500",19,17100
"TN_2_00165400",1.48038196563721,1332.34376907349
"TN_2_00417000",0,0
"TN_2_00169400",24,21600
"TN_2_00143300",103.339462280273,93005.5160522461
"TN_2_00155500",5,4500
"TN_2_00165200",1,900
"TN_2_00163600",28.4097938537598,25568.8144683838
"TN_2_00154500",1.53270053863525,1379.43048477173
"TN_2_00169100",0.467299461364746,420.569515228271
"TN_2_00165100",8,7200
"TN_2_00165500",13.8249492645264,12442.4543380737
"TN_2_00157500",6.31428718566895,5682.85846710205
"TN_2_00169600",24.422025680542,21979.8231124878
"TN_2_00169000",8,7200
"TN_2_00158200",1.82865762710571,1645.79186439514
"TN_2_00156000",43.835018157959,39451.5163421631
"TN_2_00417100",0,0
"TN_2_00156200",4,3600
"TN_2_00169500",29.1130123138428,26201.7110824585
"TN_2_00165300",9,8100
"TN_2_00157800",54.7270698547363,49254.3628692627
"TN_2_00158300",0,0
"TN_2_00157900",2.00817322731018,1807.35590457916
"TN_2_00169200",0,0
"TN_2_00169700",0,0
"TN_2_00165800",27.0014266967773,24301.2840270996
"TN_2_00158000",0,0
"TN_2_00158100",0,0
"TN_2_00163500",12.698260307312,11428.4342765808
"TN_2_00165700",0,0
"TN_2_00166600",41.1407623291016,37026.6860961914
"TN_2_00165600",0,0
"TN_2_00160700",4.27470254898071,3847.23229408264
"TN_2_00155600",35,31500
"TN_2_00155900",12.1384029388428,10924.5626449585
"TN_2_00156100",22.827205657959,20544.4850921631
"TN_2_00157600",0,0
"TN_2_00155700",4,3600
"TN_2_00157700",10.3937482833862,9354.37345504761
"TN_2_00166900",0.00773479510098696,6.96131559088826
"TN_2_00169800",1,900
"TN_2_00158400",2,1800
"TN_2_00166100",16,14400
"TN_2_00417200",0,0
"TN_2_00156300",26.6257495880127,23963.1746292114
"TN_2_00160300",66,59400
"TN_2_00166000",3,2700
"TN_2_00165900",0,0
"TN_2_00169900",1,900
"TN_2_00160600",0,0
"TN_2_40355000",2,1800
"TN_2_00166200",29.8924827575684,26903.2344818115
"TN_2_00166800",6.99226522445679,6293.03870201111
"TN_2_00167000",1,900
"TN_2_00166700",9,8100
"TN_2_00155800",90.1545562744141,81139.1006469727
"TN_2_00166500",0,0
"TN_2_00160200",14.1713428497314,12754.2085647583
"TN_2_00156400",7.86159658432007,7075.43692588806
"TN_2_00170000",3,2700
"TN_2_00160500",1,900
"TN_2_00168900",1,900
"TN_2_00166300",407.112701416016,366401.431274414
"TN_2_00166400",117.881080627441,106092.972564697
"TN_2_00170300",0,0
"TN_2_00160100",10,9000
"TN_2_00167400",14,12600
"TN_2_00158600",12,10800
"TN_2_00167100",1,900
"TN_2_00160400",1,900
"TN_2_00156500",64,57600
"TN_2_00168800",0,0
"TN_2_00170400",1,900
"TN_2_00158500",0,0
"TN_2_00156700",4.26675081253052,3840.07573127747
"TN_2_00167300",2,1800
"TN_2_00160800",5.66896438598633,5102.0679473877
"TN_2_00170100",2,1800
"TN_2_00167500",1,900
"TN_2_00159800",0,0
"TN_2_00156600",23.5786933898926,21220.8240509033
"TN_2_00170700",8,7200
"TN_2_00160000",2,1800
"TN_2_00157400",10,9000
"TN_2_00167200",1,900
"TN_2_00159900",10,9000
"TN_2_00170200",0,0
"TN_2_00158700",4,3600
"TN_2_00170600",0,0
"TN_2_00168700",8,7200
"TN_2_00157300",8,7200
"TN_2_00161100",5.51663637161255,4964.97273445129
"TN_2_00167700",508.614471435547,457753.024291992
"TN_2_00168000",3,2700
"TN_2_00156800",1,900
"TN_2_00170800",0,0
"TN_2_00160900",0.331035852432251,297.932267189026
"TN_2_00170500",8,7200
"TN_2_00422200",3,2700
"TN_2_00161200",54.4790306091309,49031.1275482178
"TN_2_00161000",7,6300
"TN_2_00157200",19.9965114593506,17996.8603134155
"TN_2_00167900",6.74084758758545,6066.7628288269
"TN_2_00170900",2,1800
"TN_2_00157100",2,1800
"TN_2_00159700",100,90000
"TN_2_00156900",0,0
"TN_2_00158800",0,0
"TN_2_00157000",0,0
"TN_2_00422300",0,0
"TN_2_00167800",1562.78125,1406503.125
"TN_2_00168600",11,9900
"TN_2_00162000",0,0
"TN_2_00159100",33,29700
"TN_2_00171600",18,16200
"TN_2_00159600",19.127326965332,17214.5942687988
"TN_2_00158900",2,1800
"TN_2_00162100",8,7200
"TN_2_00159000",2,1800
"TN_2_00161900",9,8100
"TN_2_00171000",0,0
"TN_2_00168500",1,900
"TN_2_00161300",13.0043344497681,11703.9010047913
"TN_2_00171500",1,900
"TN_2_00168400",27,24300
"TN_2_00161400",65.4601287841797,58914.1159057617
"TN_2_00171100",2,1800
"TN_2_00171400",1,900
"TN_2_00171200",37.454761505127,33709.2853546143
"TN_2_00171300",6,5400
"TN_2_00161600",1.64761209487915,1482.85088539124
"TN_2_00161800",4,3600
"TN_2_00513300",4.01801347732544,3616.2121295929
"TN_2_00159500",1,900
"TN_2_00159200",0,0
"TN_2_00161500",105.764930725098,95188.4376525879
"TN_2_00159400",0,0
"TN_2_40356000",545.786499023438,491207.849121094
"TN_2_00159300",17,15300
"TN_2_00172800",12.3542814254761,11118.8532829285
"TN_2_00161700",64,57600
"TN_2_00168100",4.00348806381226,3603.13925743103
"TN_2_00171700",13.2652826309204,11938.7543678284
"TN_2_00168200",12.447078704834,11202.3708343506
"TN_2_00168300",21.2493877410889,19124.44896698
"TN_2_00173000",42.0662422180176,37859.6179962158
"TN_2_00513400",9.98198699951172,8983.78829956055
"TN_2_00172900",2.6457188129425,2381.14693164825
"TN_2_00172700",15.7347173690796,14161.2456321716
"TN_2_00173100",21,18900
"TN_2_00513900",0,0
"TN_2_00171800",24.7506122589111,22275.55103302
"TN_2_00173200",30.2536392211914,27228.2752990723
"TN_2_00514500",7.02434730529785,6321.91257476807
"TN_2_00172000",38.4588470458984,34612.9623413086
"TN_2_00171900",41.0002479553223,36900.22315979
"TN_2_00173300",57.7463607788086,51971.7247009277
"TN_2_00514700",11.9700241088867,10773.021697998
"TN_2_00172600",0,0
"TN_2_00172200",14.5155687332153,13064.0118598938
"TN_2_00172500",7.99975252151489,7199.7772693634
"TN_2_00173500",0,0
"TN_2_00172400",233.183975219727,209865.577697754
"TN_2_00172300",221.445892333984,199301.303100586
"TN_2_00173400",0,0
"TN_2_00173600",10,9000
"TN_2_00519500",22,19800
"TN_2_00173800",11,9900
"TN_2_00173700",18.9468555450439,17052.1699905396
"TN_2_00172100",30.0923309326172,27083.0978393555
"TN_2_00519600",31,27900
"TN_2_00173900",27.1631298065186,24446.8168258667
